{
    "taskDefinitionArn": "arn:aws:ecs:us-east-1:222975130657:task-definition/deadpool-task-fargate:12",
    "containerDefinitions": [
        {
            "name": "deadpool",
            "image": "222975130657.dkr.ecr.us-east-1.amazonaws.com/deadpool-docker-private:latest",
            "cpu": 1024,
            "memory": 2048,
            "memoryReservation": 1024,
            "portMappings": [
                {
                    "name": "streamlit",
                    "containerPort": 8501,
                    "hostPort": 8501,
                    "protocol": "tcp",
                    "appProtocol": "http"
                }
            ],
            "essential": true,
            "environment": [],
            "mountPoints": [],
            "volumesFrom": [],
            "logConfiguration": {
                "logDriver": "awslogs",
                "options": {
                    "awslogs-create-group": "true",
                    "awslogs-group": "/ecs/deadpool-task-fargate",
                    "awslogs-region": "us-east-1",
                    "awslogs-stream-prefix": "ecs"
                },
                "secretOptions": []
            },
            "healthCheck": {
                "command": [
                    "CMD-SHELL",
                    "curl --fail http://localhost:8501/_stcore/health"
                ],
                "interval": 30,
                "timeout": 5,
                "retries": 3
            }
        }
    ],
    "family": "deadpool-task-fargate",
    "taskRoleArn": "arn:aws:iam::222975130657:role/ecsTaskExecutionRole",
    "executionRoleArn": "arn:aws:iam::222975130657:role/ecsTaskExecutionRole",
    "networkMode": "awsvpc",
    "revision": 12,
    "volumes": [],
    "status": "ACTIVE",
    "requiresAttributes": [
        {
            "name": "com.amazonaws.ecs.capability.logging-driver.awslogs"
        },
        {
            "name": "com.amazonaws.ecs.capability.docker-remote-api.1.24"
        },
        {
            "name": "ecs.capability.execution-role-awslogs"
        },
        {
            "name": "com.amazonaws.ecs.capability.ecr-auth"
        },
        {
            "name": "com.amazonaws.ecs.capability.docker-remote-api.1.19"
        },
        {
            "name": "com.amazonaws.ecs.capability.docker-remote-api.1.21"
        },
        {
            "name": "com.amazonaws.ecs.capability.task-iam-role"
        },
        {
            "name": "ecs.capability.container-health-check"
        },
        {
            "name": "ecs.capability.execution-role-ecr-pull"
        },
        {
            "name": "com.amazonaws.ecs.capability.docker-remote-api.1.18"
        },
        {
            "name": "ecs.capability.task-eni"
        },
        {
            "name": "com.amazonaws.ecs.capability.docker-remote-api.1.29"
        }
    ],
    "placementConstraints": [],
    "compatibilities": [
        "EC2",
        "FARGATE"
    ],
    "requiresCompatibilities": [
        "FARGATE"
    ],
    "cpu": "1024",
    "memory": "2048",
    "runtimePlatform": {
        "cpuArchitecture": "X86_64",
        "operatingSystemFamily": "LINUX"
    },
    "registeredAt": "2024-02-13T01:46:37.241Z",
    "registeredBy": "arn:aws:iam::222975130657:root",
    "tags": []
}